VoLL,Effectiveness,DiscountRate,k_star,NPV_star
3575.2728319488947,0.8827199617838444,0.05933736749301918,11494,5580633755.114769
4202.948099826744,0.7981417167433419,0.11013962436640184,10276,4191961403.1139593
6330.451065490129,0.862348663685021,0.05203096770970523,12526,8149751167.642302
6668.741481401415,0.8184850055293017,0.10614329830400665,11770,6322236663.146784
4272.105629299396,0.7170654809953455,0.11066540486294402,9400,3501189577.0807276
4105.144979421857,0.8214968344141779,0.0721267529712746,11103,5117048702.081834
3383.3134999822364,0.9529674082689114,0.1094257403421403,11015,4936847043.07662
7857.325457176939,0.8156130743185415,0.11681416875760656,12017,6918642385.549686
5228.791804198594,0.9009173955165423,0.05577500347880088,12333,7469484928.609507
7485.492899907672,0.7894010502066288,0.0683613375817467,12295,7635745800.693125
3025.6477453222847,0.8629607545841218,0.08329174569050772,10519,4380594061.682846
6181.868387857613,0.9934612402246019,0.11360639304817614,12399,7774047463.109461
7550.765378900783,0.8575767013321436,0.057281326489833403,12759,9057916901.972588
3904.572976289505,0.9859120662960225,0.0788367088370451,11987,6454465450.002989
7325.085603035908,0.9016531838428528,0.09401500571175128,12526,8261516001.182842
4377.793883244761,0.9690241809222588,0.06448239599403557,12264,7154983462.24877
5022.026215377038,0.998071747718231,0.10150089570549845,12206,7067160800.193886
5225.3070624484135,0.8681989508331205,0.07878788423606446,11885,6420862613.90711
6634.939959839942,0.8197590657712224,0.09691016152916673,11883,6546300541.082848
6523.578039402708,0.8828679613777137,0.08780241249271592,12287,7492755208.236261
4030.409254566509,0.7597484429868105,0.1057017205371231,9824,3806113792.7270193
4451.663888853783,0.8967888483471561,0.07097317430649173,11846,6248420527.797245
3722.391892114144,0.8211870000941408,0.07171886687912128,10893,4806978535.381502
4216.9900814048115,0.8764312127975128,0.06717402770743519,11663,5910158503.925537
6738.853058964316,0.9160439943562668,0.0986682606868565,12381,7784019217.90992
3513.7138928660584,0.9830927284552873,0.08523377430249474,11687,5877319764.616734
7498.368096837064,0.7595739653308942,0.09161144307729015,11869,6575593555.764389
7827.042908386316,0.9996094737690061,0.051691803748638125,13298,11748115249.179903
5406.516667276583,0.7874268069020823,0.05446043978221202,11805,6259430284.320616
5848.121994715295,0.7015249854097642,0.09278943127690151,10673,4673994934.256027
7350.907385172947,0.9650804394921668,0.11680236382372268,12562,8408656056.0343895
6699.319099017371,0.7554138872647266,0.08042748247607637,11709,6210556303.520807
7429.497477739367,0.7765138841004389,0.08103188863102888,12077,7039270597.039623
6084.684879104476,0.7310057532634463,0.08430767627483438,11171,5361028096.3408375
3223.5220121787347,0.7934882407927452,0.10264277804562175,9548,3594300698.6236553
6577.495432640324,0.9824662731274951,0.10438267566961386,12554,8288491840.177837
4076.142574935931,0.9714913541899752,0.08865849029079825,11848,6221379873.739542
7224.489437884281,0.9767468451319121,0.10802728952573992,12661,8712332890.959826
4970.9899897986315,0.8794564409746379,0.08028886556945201,11834,6284711890.514915
6470.735678734754,0.8454059468810879,0.05897822391032513,12406,7824905690.552462
6221.852483069068,0.7614118648511965,0.10214699878725607,11200,5412551818.799107
3528.086032012913,0.7021928481171774,0.07341422940870526,9422,3505428912.2247353
7846.277519155279,0.9102927068299913,0.07895798743133355,12831,9354845455.40091
3603.7608525789374,0.7181090633054661,0.10083481716325426,9012,3252220904.219592
7527.254921567368,0.7048077753796357,0.09088985814995107,11461,5886355540.009014
6643.020251042757,0.7876592632828024,0.08659583314290706,11834,6419563612.090874
7074.259431253088,0.8788980940530597,0.07649887376160988,12536,8278818322.266174
3387.7890274748547,0.8460718528696258,0.08277357342489476,10673,4537477340.145105
3907.673783646753,0.7210407803389711,0.08558806525024845,9709,3720497190.4573717
4659.25867415639,0.7643493461040743,0.05662598259501054,11216,5310951445.865986
7189.652643348585,0.8065337411202294,0.10787495505556892,11861,6530037252.347004
3129.811346159725,0.7006718731460059,0.11470924259200566,7889,2650107353.5457087
6369.666255038109,0.9984443740318625,0.08356535150084675,12776,8950996301.89214
3795.6874827699066,0.9856849158335188,0.06162491214811478,12160,6812633900.5595455
4846.426535215267,0.9803679951610824,0.05571487953576034,12550,8049816467.214497
5269.810573069411,0.966187177498151,0.07235835421999462,12461,7795496731.637295
7813.289688578556,0.9992117801045466,0.08402108668419098,13050,10421823195.981041
4606.4579421700655,0.992031699424553,0.119910297541622,11782,6146288048.185507
5226.06550066122,0.7134237086325482,0.08129427864481893,10658,4620785724.792267
6550.873998985281,0.8878213982890126,0.09694548391478755,12239,7316663238.94195
7859.594299233462,0.8985913722657507,0.05640151416503643,12968,10013835790.774706
5948.655051048139,0.7634743019218803,0.10565529444996943,11056,5165551511.430466
4751.529911139262,0.8507309432929469,0.09924774022921143,11230,5335968219.18368
3858.1383795896922,0.8803178323396563,0.061202422751734084,11597,5772311326.685699
7132.892006727957,0.7998104885477554,0.08826880306316151,12035,6917508056.054636
7153.553023211691,0.9907201186419321,0.07292744843891302,12987,10032345819.709215
3441.8690980585293,0.9890467371338743,0.1192512410579821,11127,5093238026.784685
7595.385435279976,0.9551457070159997,0.08455849197698759,12869,9558580381.26822
5343.082790637924,0.8676858418301809,0.05748315434163276,12207,7115619639.278397
7493.685456808276,0.8845441622465716,0.11944320700863978,12249,7440638753.411118
6462.881987427125,0.8064204555389837,0.06214243518353763,12188,7193135177.957226
3230.840288542854,0.7980369115074347,0.07490560984187447,10244,4131410919.643094
5396.936050458975,0.8976934374408652,0.056015954822504335,12375,7586678956.626291
4482.228059257971,0.761026940746504,0.09565118160770719,10369,4309842925.614142
5885.781847145541,0.9045406409245579,0.06518509798553097,12453,7863225629.5922985
3111.3487417011784,0.7116922521744278,0.08196996527389397,8886,3179247859.05457
7388.050487803962,0.8617471557650523,0.08678452982169126,12439,8001961331.770166
5721.131378544424,0.8549256933338147,0.11204466516665595,11536,5858992214.019197
5050.971992832532,0.9458565420714149,0.10825519030540733,11867,6362545018.462252
5970.904958199648,0.7595250036207188,0.10427129953787077,11055,5166982269.384678
3027.1565319764395,0.7158239030600257,0.09068049427603767,8636,3029396030.10139
4259.867244240999,0.7792515812152235,0.05308092783504675,11185,5235050500.403828
7484.104334025045,0.8672345601473235,0.051652153522905975,12834,9341850790.610058
5863.27188774,0.9109032340796458,0.1000328898947214,12095,6908198866.358631
5230.160783129117,0.8275207456889337,0.0693685085953289,11775,6199014111.44886
7722.097712191528,0.9368373723738445,0.1194328762741626,12519,8298215353.577942
7539.538422521515,0.8222285603975324,0.0805735070093504,12350,7775233450.106398
6117.826897828015,0.7972863596049404,0.05228102866068431,12140,7061505829.558723
3822.0858023603105,0.8668904796510214,0.08759314329144927,11036,4990412055.482737
7859.048477835406,0.8594822691931195,0.09672296892866872,12439,8070939010.594843
4356.32265768161,0.8178919958475476,0.0549160159261846,11518,5701835271.595089
5219.243373919251,0.7596437263085538,0.05438170045550402,11506,5764271392.029789
6966.572483792277,0.7421441885747139,0.11252122621450926,11220,5473010974.034012
3912.677382106004,0.9432707047438842,0.11137811978537987,11241,5267343315.791029
3044.3295486538127,0.8852353228754377,0.10668695132441239,10263,4139354829.357827
7639.815318378558,0.8749211594699309,0.10484509455524163,12375,7852447654.373077
5523.395079522681,0.8736088074601993,0.0664957553069369,12187,7093507416.293177
5140.765501111095,0.8950297187050956,0.06977085909983033,12117,6902583498.058229
5192.516506410249,0.9834707783883692,0.057482320725245235,12653,8401540069.324238
5003.126365853245,0.938448368039351,0.05719600984904924,12429,7659943253.053623
5767.947370522905,0.8052698204360524,0.08699668498259538,11579,5935355077.662575
4642.003464630535,0.7229827082235855,0.11263068552387039,9720,3751011094.4336967
7917.875347267439,0.8277984452514476,0.0993654246091045,12283,7607522201.678942
5107.06560110576,0.9289898081418566,0.10582907384307258,11835,6294790053.022408
4539.895992963283,0.713027096325182,0.11967494090151806,9383,3485232010.5261335
6518.912107785945,0.9167156893432266,0.09558723431846661,12359,7685798248.045244
3327.4586147448854,0.715607753135077,0.08429049510470907,9120,3313932265.1124544
7029.715400517393,0.9937353386720938,0.09074381570329416,12837,9312883389.547503
3466.94768473498,0.80497753487631,0.11600373308824645,9596,3637032906.4389925
6278.818807312963,0.830034110401379,0.11729977323655279,11527,5890609610.144028
6774.1256222041775,0.7492411582297037,0.06005053118010296,11962,6733257646.315762
6277.566428593529,0.9939221190566667,0.10673597226359371,12504,8071037726.714939
6580.052437988173,0.9309222247468605,0.061404111548598254,12783,9024549947.983374
5443.740066366248,0.8833472514477971,0.06325495554974932,12243,7234071340.2460575
3269.85072717822,0.7784657648407644,0.11213323541469267,9188,3354737390.4539137
3206.308456223995,0.7864547860635303,0.056577155280729964,10495,4368051228.626725
6404.209751411394,0.7756065969754308,0.08463984812114744,11680,6133335116.81147
4479.095319323404,0.9644679686533937,0.10050322475759124,11834,6230829304.248009
3987.6113555195598,0.885883653353881,0.059456550689408735,11727,5996945232.821823
4489.157004807452,0.8091850046364552,0.07865868912810847,11097,5155188647.08122
7676.141990387237,0.7151358107674712,0.10662910355345914,11375,5748874485.941244
6126.806510834551,0.9456937607964644,0.06835606750974756,12646,8530253067.825224
3089.4878971733824,0.7238530474702103,0.05562537939574371,9723,3710463013.6921635
3846.5453838526864,0.7521550300600197,0.09854914325514094,9738,3737608467.6947756
6349.852323926516,0.7095234854421801,0.08946929976606732,11046,5174046302.052108
7650.705943350095,0.8719901388434087,0.08011551793906507,12608,8586513961.9896755
3749.1252320860494,0.8911039044324391,0.07709362743270978,11344,5398446406.5228
4503.775490309034,0.7348218219624147,0.07112764309423802,10618,4546886052.252404
3848.5766269868623,0.8038048686419081,0.06324778197667708,10984,4922247073.782888
6323.216062437266,0.94736716205608,0.10303556486352651,12361,7666047671.330065
5097.350489289174,0.7730993101465815,0.08983771703203744,10973,4995747665.084982
7490.779189270318,0.922410121991664,0.09850646817237321,12601,8546820263.441595
4873.53802616181,0.7528980584617105,0.061947958188412505,11135,5225884545.252364
7966.2634942047225,0.7492094763351612,0.10898704902503206,11725,6332518507.43803
6890.519147031835,0.8688400046990584,0.11389817976228055,12037,6906650517.353943
7578.841959108435,0.9556797787448339,0.061239468902408854,13055,10411749173.312712
4643.806050614464,0.8466801802153303,0.07764452914314768,11502,5706065949.989035
3503.3851036888304,0.9543970046714321,0.07038862476017321,11731,5958105492.967098
4586.612255593875,0.9330518960900266,0.07382180927279282,12062,6698102226.012119
7069.314217745474,0.7351924390803115,0.10404869904049434,11344,5650052592.45038
4821.896061236278,0.7804250095122361,0.09144845699724781,10862,4834612007.3601055
4537.849666415529,0.8931721476963359,0.10012305758261014,11404,5571089152.979813
7464.7632864559455,0.7959089253833045,0.1152316625653641,11792,6417160031.775404
7929.133001329914,0.8704464820461925,0.07585887960842168,12724,8956652631.938026
7799.320973040724,0.9418357726697835,0.08949941429256827,12840,9395938659.481138
6395.791585267134,0.9507088598074294,0.07057801601777614,12741,8792010290.128489
3599.6532795562675,0.8559547717078684,0.08132277121729112,10929,4834776543.919512
3970.1224363527244,0.8216340180760177,0.08505407696158446,10806,4728652030.856999
5456.627928311649,0.8669981162426911,0.08543579986850933,11885,6434127050.481895
7142.553352330903,0.7160336410478065,0.11687939489350466,11021,5184417021.460609
3578.654388486388,0.710855732784063,0.11723313949137087,8502,2942868065.942727
7305.646508802598,0.9878069367365621,0.11964019445341705,12613,8566474506.091475
5925.6983380015845,0.8646048442423888,0.06822303455040774,12243,7298924798.438999
3594.435095453253,0.9424537215361166,0.09808745106748787,11264,5272165972.006481
4009.0971260438027,0.9669805406838077,0.08633241158248826,11835,6170802245.872734
3975.587031388245,0.8502047757601887,0.05815448437245316,11502,5636582184.010796
6003.950889927248,0.9454761760557429,0.06685388563986244,12624,8453533430.771481
5791.067398621042,0.7517041110630827,0.1054844165755084,10883,4929725957.27375
4488.156354492078,0.9909307227617237,0.08992848847551041,12103,6787576077.857264
4982.015625564752,0.8725796396423804,0.05098433391427085,12187,7024570137.616905
6990.174171900624,0.883527019321854,0.11373922272817989,12144,7171017867.399033
7742.566820390326,0.9432819725614869,0.055566395763451196,13098,10617509921.983145
7901.631311367566,0.9223818120637273,0.10084132330993476,12675,8842332008.701925
4914.155313136078,0.722682462873892,0.08333959159930636,10504,4462934199.81
3280.4291134970995,0.8728843500943675,0.10476971959092024,10379,4258491162.25593
5403.33310339589,0.8521232239110659,0.07071041403996162,11967,6605901497.996479
3065.188285577744,0.8421204320226889,0.10163939225133438,9980,3893632743.168416
3289.595528770199,0.9543917533987315,0.0683122241434569,11659,5799486244.627348
5225.217894643982,0.8465479475105009,0.06339782749083847,11965,6580855806.216894
3189.433739241789,0.8333433935070548,0.06606686708521632,10731,4600652830.774212
7950.015246303401,0.7255039507994536,0.09878687581481953,11691,6259896046.935862
7108.729712851022,0.860766654625447,0.07520447888504998,12482,8101952808.311953
3221.768649822354,0.8778542497523422,0.10769766887664235,10313,4199735075.5054064
4088.0270589676447,0.7406951752497215,0.09235549611127072,9937,3904597121.8604965
5687.123811346384,0.7393916904205369,0.09055621155159913,10976,5036719693.696066
6200.019938872894,0.7597543556339619,0.0967217683697029,11268,5500102629.089497
6696.1255969752565,0.761539717135588,0.06698945425180344,11925,6645380755.131685
6771.788026352831,0.7274939265356145,0.07927006790436267,11530,5933665339.655523
7046.119940843224,0.7964837943835807,0.058563012919713775,12326,7665976708.282795
4924.197796826076,0.8415325588089133,0.06503988528999276,11803,6209830954.700922
3047.1991231237835,0.8093398913459495,0.059076467308137336,10541,4402732490.596096
3805.8210486440285,0.9349769556163797,0.08074773114261073,11619,5797572285.087418
4262.297684148165,0.7838762814732907,0.09529899606126363,10457,4380364629.191357
7615.213797077425,0.9989283496610286,0.08371814978593817,13018,10225999015.244497
5884.872336306358,0.7098899601072284,0.11892981547748106,10289,4283372830.35443
7957.195930063711,0.7717263263082556,0.0974268508402059,12017,6927011783.381748
6687.535128163803,0.9091787894735015,0.08895128206494113,12438,7941003191.282291
5449.3593769446825,0.8300144294963698,0.09016571272101462,11567,5886962257.432804
6493.409446433438,0.930806343039791,0.09550018569034624,12414,7840312801.6293335
3923.6431424852926,0.9528063070335717,0.07240045408938998,11899,6303300664.120062
4396.602213702003,0.7850298680127956,0.08529526431699305,10765,4691488355.369777
6524.983384381814,0.9294998235062699,0.09956733550673398,12377,7732875046.071468
3227.6175983539924,0.8069360680095192,0.09916625264900204,9803,3766161081.115633
5789.2254865589275,0.9835166147278811,0.09653306240116205,12434,7783819517.590384
7631.297098000336,0.7831015456083887,0.10399647930422691,11900,6661834712.499058
3679.106972991269,0.9074407978195407,0.09422356117338787,11123,5107775066.651613
6335.822125703087,0.9518406374274929,0.08464234890879341,12564,8288818059.251068
6434.2268694035665,0.7852896988307256,0.08358988950103421,11774,6304214470.355309
7446.061672297667,0.9069449173162171,0.056742716343733124,12908,9716787472.729013
3506.5993968596345,0.840126451304665,0.11030800767828522,10144,4053312648.6394672
5687.854887673827,0.8793987419077096,0.09406644427317296,11929,6550536405.518316
3802.8373950533214,0.9453998433654714,0.08491867595976277,11619,5796097572.666779
3397.347525044776,0.8585857353376078,0.057913694696180885,11226,5207701411.113064
6681.9889255612425,0.824511330320573,0.07260555895047732,12234,7316421844.287092
3711.4374572122415,0.9613870691070749,0.053983829223074764,12093,6681615228.817244
6156.834096388817,0.9064447915773227,0.11771732162598524,11943,6645646041.810715
4752.312262541471,0.8947244971781629,0.06632606998630915,12023,6630922177.766546
4470.904561745331,0.9413783306852865,0.08763528020195897,11876,6311157377.178301
3040.830154514758,0.8676287228559113,0.09040371787747944,10428,4294681495.5123196
5709.164372569532,0.7675997630617324,0.054528325758170945,11787,6261651361.465809
4573.980638599805,0.8614957799742844,0.09379831216030687,11312,5424274709.735901
4066.9297055088464,0.9134686060738291,0.05321263636631148,12015,6543108778.902109
4736.149521558409,0.8581771367924544,0.10796983867489679,11129,5207778166.13444
6820.634459533539,0.887807559934331,0.07778120072847962,12503,8127242481.1523285
7736.3103164049835,0.7365178810197097,0.11558937500739545,11436,5853231015.187471
6188.499911581615,0.9137088350758524,0.08030340785967349,12413,7801085112.270382
5552.735236248718,0.8868172413318907,0.07662436704040926,12136,6991584914.045767
6337.641137090901,0.7289780348273353,0.08736246266029088,11224,5446878608.854023
3490.9028506133627,0.8300387753015668,0.1176691016170452,9881,3830192408.4931602
3659.43012576582,0.9718483679216864,0.07372599181322013,11870,6201391942.6160755
4958.6102128551975,0.8074173471918417,0.11109603608866006,10830,4805223192.658049
4374.633916030221,0.8368567110732765,0.1001208436181184,10912,4880575575.320046
3131.951450845351,0.8373488815193996,0.0931584080906784,10177,4057011016.249572
3298.0086700145657,0.955154256312003,0.07097544252607162,11624,5749051023.099403
7648.3972159210025,0.8102745106766926,0.09784291931793374,12136,7199593538.242949
6822.728846894546,0.9160261908436087,0.06036731056020389,12794,9096169287.692827
4959.057442318318,0.9766318099311482,0.07071644973521607,12428,7652779919.722651
7981.474128995102,0.9431871043900603,0.1132658671419379,12661,8799070718.603327
5371.5868250943895,0.9346437239807823,0.06207766189480102,12466,7833976339.05331
4127.806431120633,0.9688190602552963,0.09611423408318007,11758,6057024645.822321
6756.083867206146,0.9997339009569921,0.11085971488213661,12601,8470802489.984423
5164.526110436512,0.8315067626867296,0.09556405525546574,11356,5547317475.46875
6688.162907820434,0.884957679672118,0.06451965391293778,12580,8391278189.364515
4856.080431859924,0.9706560710219921,0.06350076378573047,12451,7697918181.426542
6749.6018860070535,0.9570117324591862,0.10373108228162677,12514,8154715322.0224
3901.1914633902234,0.7951664572920564,0.11615146515704226,9885,3849772934.5879087
4599.927147764658,0.9731762911420343,0.10361401811516827,11889,6352933974.085369
7744.615081329758,0.8216718447324338,0.08653858598776379,12335,7758799254.47464
3160.7573783452226,0.7445745712435384,0.09049621734256066,9171,3348075954.4937944
3154.497775639111,0.7109195609167549,0.0639409439065305,9414,3493145641.2303877
5123.828073515299,0.745335226238225,0.08763439328364457,10793,4763820856.343758
3226.3423282765098,0.8044746753955758,0.07448735174636997,10309,4194177524.493149
4551.385125464867,0.7866651035991906,0.08316143498356027,10902,4870734854.0693655
3699.9326996962322,0.871676996664302,0.09604119519959331,10844,4755969939.105087
6043.446157247357,0.8084200760696532,0.07966439248473424,11835,6380598963.73807
7698.649866732973,0.8972275150609036,0.07739554020374187,12761,9081660044.59902
4876.030228257497,0.7409437601077911,0.11021236047759708,10158,4111982125.9493666
7513.076380746951,0.8634703005121247,0.10155498263786655,12320,7691214364.388647
7004.20671286048,0.9742784239919742,0.08506531317730293,12821,9222023826.799702
7689.813063736734,0.9457959612644624,0.05852412838984071,13068,10484028063.014763
5549.709969302685,0.945569213494377,0.11990514702421279,11910,6504855405.522375
4698.545244949136,0.7708193184874067,0.09463221421679738,10641,4580870369.05526
3129.971857666083,0.7223973911489201,0.10291055928605138,8531,2967898100.387766
7353.601881042185,0.9530864585234698,0.08771168322906209,12805,9186732909.35934
7527.6374019870955,0.9891511671220788,0.09353906975946358,12892,9648957794.307755
6366.6630337750075,0.9710835572171932,0.10427687268440454,12459,7954947662.803226
7401.209650764515,0.8797507562290587,0.07275994093545995,12656,8712351882.121435
4963.75618232946,0.7679762417529757,0.05076623004479093,11508,5746357688.036465
3072.8529051256787,0.9489384380041437,0.07353375835742929,11403,5409768239.708561
6124.752350125904,0.8675252528531154,0.07935368422575585,12201,7191021827.995012
4450.226375410348,0.8276029803574747,0.08359762865836363,11148,5204820530.819874
7346.890399107679,0.7748764821339663,0.05614637305912216,12325,7684747038.371634
7914.521007132162,0.8377142875952568,0.10177331585131699,12297,7670075182.541466
3126.4666364044647,0.8979975139533436,0.0550341014718364,11401,5415329915.71357
4912.8345260318365,0.8499178724960321,0.07588861044967574,11684,6015768110.565504
4575.037140331432,0.9742452186395226,0.06909985216072602,12294,7280584302.451193
4086.0717080901595,0.9937839053043005,0.07918839805651401,12083,6708673976.532234
6114.80079008253,0.9726652919171184,0.09963157244793272,12447,7874880561.103228
5101.588664240182,0.9626558122645327,0.10534265239132773,12013,6660123675.798943
7412.85635867946,0.9334357526507142,0.10686132995254582,12547,8362179981.546833
7684.224178836982,0.7681000620968398,0.08463642110281805,12052,7020732451.031082
5227.501618421746,0.7760375055778345,0.0878170542885888,11075,5168671862.75141
5120.889218887198,0.9320385565843361,0.07169149957248097,12262,7263669636.260578
6469.320406123053,0.9105090083775285,0.053137543215611815,12771,8918094021.398876
3839.8173956644796,0.785982055053654,0.10103676678151771,10058,3990134284.822049
7539.177548413309,0.955908084407121,0.077171181883451,12922,9777164785.470268
4072.661403280395,0.9573235064667414,0.09380792600902786,11686,5948567473.336254
4559.303791740269,0.7280776303734973,0.08716432844748159,10259,4199479818.877982
6736.356471462626,0.9879480438400648,0.09107532298168898,12764,8934497797.238201
5038.534925580076,0.7270178320446367,0.09130809543182894,10477,4436135750.06231
4512.501426999623,0.8417867162330279,0.09013698355192157,11181,5254816388.489784
7418.250275609605,0.9940518920673905,0.09626352552783898,12862,9513236563.716145
7006.527218911047,0.70463168642545,0.07254843337742065,11541,5970944367.245281
5923.11796499459,0.7436867376189047,0.10656159558108373,10868,4910153481.940237
5868.049451182863,0.9874204465606322,0.11737762314279579,12250,7309939002.224936
6885.634168013652,0.731116105006038,0.05879491359565306,11901,6605539334.894928
3028.1474655092447,0.9303325084416771,0.058578970400082045,11518,5549003015.83959
4770.54155982788,0.7672148309822625,0.07781602028024517,10952,4947909506.197063
7528.156996058422,0.9631046244833918,0.09834881364475129,12783,9132399281.418903
5418.611655583358,0.9231261260288064,0.10047014967690697,11990,6642664189.715162
7445.506122759568,0.9102227409134152,0.05805378346149078,12908,9716587985.879751
5413.856583813371,0.9901654653436733,0.06340548130779033,12684,8524113593.410259
6687.751049128149,0.7921695369010211,0.06056374309105894,12195,7238212731.4478855
7741.523789306283,0.838582225515182,0.05321198349678265,12762,9091143753.86948
4598.387663336628,0.9586769645777935,0.06365420886995464,12294,7288619487.349237
3247.268152830791,0.7509698980610913,0.09511595443667578,9237,3384499525.991811
7951.621555231265,0.7415524464120997,0.05821453768365295,12286,7619573315.661083
4321.928096114028,0.7411032857184645,0.10991282728571974,9744,3759078982.646638
6862.788297776986,0.945376708740906,0.08139277556267029,12717,8819973237.002026
7828.989344567345,0.9368534019336905,0.11638773127926147,12574,8483704417.011995
3816.3959144157757,0.9271800006387456,0.11032259507832567,11077,5061295104.235935
4394.713307941216,0.7262999756868175,0.08093914333663038,10255,4186803845.745037
7023.943992900804,0.8497134351290839,0.11056033110157082,12021,6867857947.819813
7531.575331704547,0.8593084928276822,0.05063469792550756,12827,9303634347.885956
6803.838016392585,0.9025454342885015,0.06268163363223869,12717,8807831988.261854
7195.74753179572,0.7827501428189951,0.10600082679331482,11734,6284011153.583292
5247.236673366146,0.8901758860950142,0.0525089513299412,12323,7453802892.8855915
3634.420897724187,0.7725930233763608,0.10163344708984923,9712,3719659993.138856
5162.173751357654,0.8610360728535567,0.07257950283428877,11898,6446994903.006298
5138.820238424994,0.8900040206072518,0.06288925861910756,12183,7037708032.696266
5097.6503464665475,0.9031937043259087,0.10939954938432603,11618,5928733948.456554
5083.608762166641,0.9217522512095093,0.05517314759989419,12391,7600648739.925283
5718.695474981358,0.8017298627360823,0.08129675547496071,11626,5995487912.948732
3789.8368982406405,0.7460855417374804,0.08417496655497174,9936,3895895197.360442
6196.023666937837,0.9560492171131374,0.11466259779693963,12246,7325642211.81167
6626.640321830321,0.8016228776499386,0.07877893145988146,12003,6794212939.610411
6072.617104955543,0.9239485717337788,0.08402522987211924,12383,7708474137.541641
6366.331026715988,0.7915388320614936,0.0606591212499356,12091,6954288401.772915
5073.416474227233,0.7144678739439347,0.07517816430805724,10700,4652406153.093092
4864.423308970487,0.9825094741474366,0.07233935350989165,12400,7574640884.982393
7270.550872289328,0.8223832979137213,0.11170556200960838,11927,6691666717.975054
7593.363698676873,0.70929057951338,0.08971761187225039,11545,6020037710.567471
7425.156886471609,0.938505100704236,0.077879639432052,12845,9392506674.49141
6112.4787615955265,0.7917573812903824,0.09161807990915474,11566,5932182853.48691
5272.519540498266,0.831401014251124,0.10880629282068785,11198,5332874740.311504
6858.1164881671175,0.9814241932923007,0.05210534838140895,13070,10379094789.535292
4830.995617473592,0.8727514402273219,0.06889954704139255,11891,6382893072.980413
4524.238829331432,0.7888455077476627,0.06631845585360746,11174,5247128583.740692
6640.340521279841,0.761683581114083,0.059674248166066916,12008,6806542658.150314
3949.4071082466526,0.9523639878105834,0.06387373426461455,12027,6553668178.404209
7134.742295788859,0.9028750373041974,0.10937085094400797,12319,7653987208.029926
7892.489520443386,0.9616154840925212,0.09477859834467481,12871,9579850113.3112
5552.767302915671,0.9147331854277408,0.07251851625215011,12307,7447845115.835806
4920.6289438144295,0.8559908799015122,0.05809364799601456,11973,6563702485.235167
7258.915475721228,0.7105401266748337,0.08128477864032674,11558,6011348150.96843
6537.658685943174,0.8527918286496218,0.09956067890053602,12011,6803377669.306459
7546.07724039873,0.9454396035324395,0.07183009682640276,12929,9827660272.517666
4256.220025697317,0.8614983494999932,0.05124915776410084,11832,6197278667.455404
5577.968795798255,0.7050425137340472,0.09288430303479593,10545,4532590746.472863
6318.271457486526,0.7975452949213586,0.0841060121511559,11806,6352102074.157131
7138.419989797633,0.9567691116214093,0.08497728838034402,12792,9121006352.591423
7470.453916134023,0.8440366161590831,0.062179603034293304,12622,8613912463.640034
3693.4763207912797,0.974970401960317,0.06271814278932443,12045,6562606070.613583
5839.252836954778,0.7603183230228638,0.07426037228487266,11463,5768543606.3828335
3525.0632017313023,0.7020819072402313,0.07916188052642678,9290,3407041849.0461197
6224.715604528697,0.8944197169097268,0.05512818403784737,12594,8384367478.242825
5925.37379606044,0.7108760700814133,0.10383512176608012,10606,4606689289.564472
3457.4446832749613,0.8976525103703543,0.11166832042276686,10592,4478638710.459902
5401.2159777087,0.9781533387439132,0.05269139834512504,12754,8722400370.255245
5579.668762165162,0.7534921414539527,0.0666621523112931,11418,5670994177.821127
7150.760832975655,0.9033017292473084,0.10646395070420864,12360,7756807162.792912
6772.319496466877,0.7120454074937891,0.09073497941741077,11218,5465370042.555027
3779.090312328336,0.9706836048158893,0.08842104495495634,11699,5935252311.79929
7161.516359427341,0.8455475405069426,0.07336925349765039,12439,7996055796.915926
4858.976029103233,0.7135753941362631,0.08876177221750652,10272,4225159547.140973
4351.559180515245,0.9407344621501205,0.07672779707535393,11962,6477065695.349249
5900.993932741498,0.8118592851665534,0.10989401420940177,11346,5573697420.957548
4058.740537860416,0.8989550413359083,0.059631835388975124,11841,6201024407.589682
6022.813852744532,0.7646045899733515,0.07094881804756625,11642,6046890732.26203
4966.650606625644,0.9678986475068012,0.1005327691001894,12049,6717571881.829504
7562.244349945873,0.8090752433851456,0.09250035488880161,12169,7264851775.868116
6325.684278601912,0.8170132129288246,0.08101615042374412,11959,6683032280.535545
4113.792134136225,0.8064904315374231,0.07617689323758424,10930,4881506147.304289
7059.341555328154,0.9361364534071237,0.05487792053801976,12949,9825493632.482822
6480.207947829227,0.7900191650003235,0.05799235693738919,12143,7107983255.106934
6789.1652049827735,0.860980926407628,0.09706928892252693,12162,7181298392.156473
4860.583267436999,0.814274777587533,0.10237071367586782,10974,4981577310.211613
4529.359691564248,0.8474417715948135,0.10265092034205876,11040,5052343983.3203745
4096.227359132988,0.9789414512988087,0.1072373110060557,11635,5857923137.70196
4225.420147370552,0.8141570579432973,0.09182117740457571,10783,4715277201.379868
7379.46582088487,0.7847192032244135,0.07393691978383507,12201,7316098122.471661
7252.163524718618,0.9964821401163803,0.060150971713607344,13134,10711971847.355337
6895.48526207748,0.8714997848035334,0.08700816406415138,12345,7696520549.468163
4974.9470645811125,0.8204392597711154,0.10111739861346777,11079,5158554094.027274
4147.732776388348,0.7965172045057833,0.11667114841503998,10077,4021808489.4725294
5320.136503026214,0.9686572000786896,0.11625684643308525,11997,6640278894.0735035
6538.784722253598,0.7594663506680746,0.09436983228395063,11451,5797504028.744644
6267.644518241168,0.708719440043155,0.09874863365152259,10860,4910199690.184813
5678.80157570049,0.8980740954141615,0.11000099302822627,11833,6346943673.192837
5798.379143949829,0.7924714190105784,0.07114834137864202,11750,6206873084.483183
4025.839887385665,0.8076773002735508,0.09153566383764214,10593,4505750815.592701
7584.563067866266,0.710755859537557,0.0653685934758193,11905,6669502101.816818
3848.2307871495555,0.7334318343347881,0.0733141858646859,10100,4017590750.2841873
5282.301310138349,0.9051089742277139,0.0759542738998803,12141,6978657097.734934
5792.143907158366,0.8694994838015078,0.06152634109434922,12290,7438049001.455198
5866.709514953576,0.9362138219230229,0.06693578169769729,12551,8194398377.00922
5678.402107095927,0.8812867267874441,0.119817960028744,11579,5928019220.046612
5463.433954203752,0.8031642079233283,0.07552070087849878,11612,5950475526.191717
5077.356724642703,0.7193485554448082,0.09589846714342687,10341,4294180336.6519423
5023.9083712681795,0.8199234586635009,0.05669452201601873,11823,6265028369.685499
4311.205081044064,0.7966237280005752,0.11752186146618976,10180,4120552401.6694803
4023.1885846550354,0.908878198042872,0.07837952939337466,11601,5793875788.806932
3718.2602271575806,0.7121382520088831,0.08489978074747878,9450,3526905888.2683773
7799.1157739041655,0.7075292414631336,0.06711890852283788,11923,6733893129.657833
7164.642871280232,0.8304929653702557,0.06075311092028461,12511,8187873030.366341
7165.473775305391,0.7465702679855482,0.09584280561504427,11599,6054994604.901154
3188.7756519743557,0.7374261373648027,0.10543890976228164,8730,3083204441.3190937
5047.119465282986,0.8290265995994626,0.09408759684145551,11315,5461315053.898613
7268.564841568744,0.7480566477744512,0.1115779316345083,11400,5771908793.936665
5230.394815013098,0.8834559312610124,0.06105395619221532,12206,7098637574.474529
4407.5162277101645,0.9908634947887707,0.09664477036223676,11989,6530479941.442568
5894.9410008081495,0.743659940345428,0.11687850500486084,10678,4683127892.632331
5348.1919843820615,0.7518912772512117,0.06626663272737815,11305,5481672232.73139
7513.240283404535,0.79046347643027,0.07534458568761944,12254,7464297676.0433445
7669.978193143455,0.9899666196458843,0.09872255284325644,12883,9619866265.717657
7074.033129877132,0.8006416604790716,0.10074375145611864,11873,6550653138.060524
6539.069140839869,0.830405218936681,0.10088911799903186,11874,6497671440.604595
6817.31648758483,0.7995014450295378,0.08880698576518836,11922,6649029878.038515
4784.976903069557,0.8789342303827871,0.09807883115285079,11469,5680724923.938566
3535.3828710998,0.7198713005707672,0.09806142545049358,9032,3266809233.9171133
6671.0452091410225,0.7159438887851343,0.05095307885029259,11845,6443201191.830145
4952.113507026515,0.9365046684331645,0.10808783069307012,11779,6181856537.332663
7713.3981877776,0.8978280393800943,0.10997970155486622,12440,8065056910.378899
7102.242721171649,0.8073183243652622,0.11653507006265332,11716,6258633595.179924
7404.2908845947795,0.8363590973565835,0.06482341993534144,12547,8354529784.42107
4693.798486558001,0.9357992329309527,0.10787077792342234,11662,5953649759.880438
5636.719750487267,0.96037485693857,0.05957825239122725,12669,8510741423.977562
7114.981777502315,0.8385438274484776,0.06487297845077324,12491,8125393142.252392
6049.771149095553,0.9720030060290819,0.09823038434129507,12438,7846905325.397055
6984.2752048170005,0.8876686449443476,0.08445449506706706,12475,8065949680.320463
5202.842612801143,0.9220742381111294,0.10464240211084247,11845,6334523847.781227
5434.317840848394,0.9976685239906486,0.07679542212764373,12568,8201789360.436298
5780.786794346228,0.8685158724091595,0.09331037569811135,11907,6523576986.132183
3983.91901125574,0.851871176327146,0.10275246661570125,10755,4664141679.10656
5520.100446501972,0.9244459570984469,0.06334409072602809,12456,7815567695.746744
3166.839419743986,0.7727167270517291,0.11015152904522607,9041,3272938459.3397913
3660.979546350123,0.7812664013816645,0.054702310242020886,10819,4726327118.281318
5652.392023780694,0.8341731066381214,0.10465300470872002,11463,5750168687.072319
3449.057282944616,0.7213244625933433,0.06716554492154539,9738,3734826627.329708
7530.496347331162,0.8668181424576782,0.10750987497814128,12283,7578409194.300653
6220.193053600453,0.9690859606082753,0.08412298117362221,12601,8410211317.783907
6986.998211676917,0.8660366861174453,0.07003339850641935,12529,8229084775.417891
4163.70290741151,0.9704632746437726,0.08656154209181915,11909,6348899388.383133
3058.851516126736,0.9663623069654557,0.0883021994777915,11257,5216386655.939949
7511.294446348195,0.8194187616569234,0.08752099428733699,12265,7506854547.333841
4421.42809314389,0.9115459100967312,0.05104617676376514,12181,6937245088.539391
6085.503831203375,0.7838266443862201,0.05510250607082415,12016,6772470646.6348
3194.7726679195093,0.8409588498918046,0.08980399535380562,10314,4199445927.3807
6682.035096292521,0.9952532642161074,0.10060055413888816,12668,8665234426.20684
3039.2822540728107,0.8169451561205003,0.10080765002854948,9680,3684271450.5756083
3528.6633774745133,0.7306210171589118,0.11631647086383375,8730,3080028306.8054867
6947.782600100756,0.9743109603140934,0.08436951005704316,12815,9190163829.940958
5773.351334850644,0.7239851429886791,0.09935599526350297,10741,4740103223.5177555
4537.567687741921,0.9880851869250746,0.11350818584941373,11813,6199832579.379694
3565.6452846074317,0.7741599862115375,0.05966910689714591,10587,4472199930.49011
4718.923903016216,0.993495998385851,0.11271124050272008,11918,6440117676.477642
4594.291168016351,0.8449489419200589,0.0895600423489033,11267,5366966665.845167
6338.661516914361,0.7705691492685834,0.08544608138840817,11596,6000716442.810955
6644.585923633141,0.9662480380783736,0.058592588182334225,12921,9684204586.338017
7700.855722463565,0.9511277750991188,0.05421328869618213,13131,10748941907.495152
5577.226910308149,0.7329371652896903,0.07973916604485486,11039,5121697521.227021
5464.952724162364,0.9233132272422747,0.11642209152076652,11814,6281422328.782877
7585.327423790359,0.9557715282385967,0.05111550753096718,13147,10823095692.487558
3706.4877134701846,0.9763261564537,0.0912620666022935,11656,5851270048.232809
4949.391832388053,0.7542585568136053,0.055343239779090996,11319,5458415876.496008
5655.046251880948,0.9723559153097246,0.0916169321681459,12388,7668827773.269934
3046.8242150596398,0.8286104178401306,0.07658743975770402,10357,4227231930.84328
3645.7926473627344,0.9025241725395658,0.08075666218446256,11294,5332964995.055082
6730.810489326785,0.8784366468711744,0.07554532793678316,12454,7989881034.691238
6264.646139333274,0.7903273620592935,0.11906782877976017,11185,5396899224.077877
5443.541861677695,0.9166914107766179,0.06249489450729405,12403,7669783286.028784
6879.649878823642,0.7468532062265836,0.08399442038446475,11666,6144796632.566521
5424.59296111518,0.9709178088114887,0.05647655219353895,12684,8525945089.337122
6274.548025200294,0.7006179981633387,0.08388533577601937,11024,5139005736.483256
3996.652743830985,0.824558307834442,0.10986917155903012,10381,4287128886.56771
5630.074823947563,0.9053375895239196,0.08224245552492787,12198,7124823250.989885
7399.4071670100975,0.8731872081489956,0.06336933326180451,12731,8934644296.677921
6888.562648880861,0.7576876294697875,0.10900268617502519,11372,5684445037.285933
7489.17705520984,0.8953289577431695,0.10331294655110643,12441,8038650378.044977
4690.676536309955,0.7441074345191151,0.0750470695983943,10761,4700475798.818462
3564.544226523654,0.8579826510550324,0.0720572472678325,11069,5026427384.288956
4668.584738057023,0.993397079108008,0.060055401509844376,12517,7874601386.909161
5716.706406188337,0.8864085754162018,0.10701785544214709,11822,6323752747.975548
6999.311809651192,0.9349951106710814,0.09526821551332254,12560,8365507950.054827
6727.799611580127,0.9756128665429319,0.07398232375136568,12850,9345293285.473118
4195.914675495184,0.7617354208356468,0.09118422075376889,10282,4199285227.5323963
4378.454935955812,0.9903661122725338,0.08376732867018563,12132,6841030740.330753
7599.035239902424,0.9281897904633339,0.11952550987053881,12454,8078433246.522114
6718.210099661646,0.834554904052945,0.08706027864336693,12116,7065125634.81978
3452.6245556641516,0.9188253494454213,0.0813705984966969,11290,5300592233.385775
5434.344433483748,0.7201291477574265,0.10577159380314372,10379,4349254350.008895
3931.1748114817638,0.7849232730376956,0.09375896381707935,10269,4179074885.624072
6706.900292080652,0.7280880058950207,0.06761680433476198,11700,6189501553.99584
7392.944532406152,0.9765289154326453,0.08575340593305768,12887,9614985407.895424
7984.939083975678,0.80031155975146,0.07765011585790234,12385,7922428905.048048
5725.295011769196,0.7131061312352989,0.07698902021773357,10991,5058295301.58385
6411.278079267569,0.7100062817264848,0.11479964782299219,10659,4691774182.422314
6172.472962550633,0.805438699316706,0.05739846780692526,12140,7067785508.365225
7910.699173225429,0.9437258422605255,0.11633460056447659,12617,8647500126.607368
6006.499712596786,0.8430806968361124,0.05442627058678575,12309,7508676061.571966
6759.006097526741,0.7152942758156525,0.10049294834190792,11099,5277257734.588091
3060.5317180520015,0.8494924321463716,0.060261536156561366,10888,4766529034.621827
7694.838198607722,0.938233630679516,0.060885920843395724,13026,10282535514.75717
5604.4182036252405,0.9036380381759057,0.10600054495319802,11883,6445965680.821917
6048.154646483252,0.7351435810268117,0.07002409755517638,11425,5722365417.043491
5653.732530555849,0.718747976367562,0.10772429637195102,10461,4439726787.297147
6749.1315275393845,0.7320162217849062,0.07903811436900297,11566,5981233019.539089
4251.039633441314,0.9253558572628457,0.11038122036300281,11313,5411696010.891926
7666.835622620399,0.9798297204046684,0.11405689589314119,12734,8972070005.251934
3858.8987840005507,0.89623510380807,0.07213301066753211,11528,5667320865.6054
7081.8118578039675,0.9349871878108502,0.0842008918328931,12693,8798055858.25176
6160.053730096373,0.7942199448658774,0.09345546175643694,11574,5953282239.00972
6044.521913791324,0.8584050013904474,0.07228798611499346,12210,7208535750.643154
7378.225687544735,0.7624479691835004,0.055541479811039546,12277,7546920330.717903
5144.961689405664,0.7765823315285083,0.07250921774829763,11302,5461046906.361826
5688.804555803822,0.7226478970933589,0.09807023199689059,10696,4694754159.431534
6244.0942344140385,0.7357162775344509,0.06365334824270645,11628,6038995107.484606
4039.6879032379784,0.755458374862082,0.07418086384357658,10444,4354594228.505327
4434.4933453563945,0.861283014970361,0.10949664717724342,10988,4968408646.29409
3035.2137119958597,0.9804080647862812,0.09427980442243392,11236,5185256833.951562
6241.981851722108,0.9532161505532419,0.09861031876662857,12406,7790871627.988922
3030.2789431832466,0.8010484875198556,0.09636569545739809,9594,3623614493.4070787
7585.238558514404,0.7341457095746735,0.05813217771153942,12148,7218696139.597298
4710.215639081816,0.8654317026484428,0.07121459150573503,11766,6130836932.470133
5353.975964399333,0.9777746432221985,0.08045721169880948,12452,7770142407.348322
7231.616148822007,0.9552751942103139,0.06590559878600309,12957,9869415342.808838
7317.364513709241,0.8904418236015916,0.06846152082183894,12732,8931771080.556765
4949.90869569853,0.9908244639298538,0.05039812143654851,12692,8466434419.055923
3115.560378301676,0.9005100986846956,0.06861444721463109,11164,5110726876.910808
4464.403309880501,0.963650729442646,0.09773694514789663,11860,6278326403.326603
4459.994455099229,0.9269300945914043,0.058863895732279695,12171,6926047807.526354
4477.791388071946,0.9153547568668345,0.11470581160288855,11305,5411308060.274357
3599.9708413353474,0.8981949981371049,0.07879237763926598,11279,5295216639.020514
3676.4527758213767,0.7263278077320399,0.06077540260382305,10147,4063847752.538205
6331.610789845439,0.8158929684056374,0.06375753080360921,12174,7158815255.089666
6075.813589564678,0.9670599185475595,0.10839574289695574,12308,7518726867.761051
5101.863023772019,0.9551836577843154,0.06994402050110261,12381,7569353691.051613
3236.1652508304455,0.9666548351304877,0.087068840843605,11389,5413851371.628946
3802.72902543737,0.9379778208852474,0.06716465449716633,11841,6168444485.672466
5857.740768177944,0.9936959368286258,0.052477892298088545,12893,9434046907.986723
6077.2861801200615,0.7691648101215534,0.05738967357419161,11896,6508516197.624844
5331.028447267393,0.9890556351220361,0.09238665552092742,12348,7524011894.750597
6543.913786425047,0.78458073789916,0.09566028600305423,11640,6075859281.557901
7014.576511934267,0.7015931762520783,0.07892651294105607,11418,5778716808.822432
5793.237938036225,0.7461372832534947,0.0715973467164191,11379,5626298540.344479
6946.866375122614,0.9546124540132681,0.050272993840935795,13015,10154292722.974945
4195.941628438999,0.7910286437691971,0.11955595119592709,9995,3956185799.6258926
4280.849749037766,0.7863235546775948,0.06314521797161063,11078,5095581981.176661
7039.042844556635,0.8990013378455574,0.09280350691011885,12453,8008702020.915913
4120.465708949823,0.9859548996065037,0.10115082616376886,11785,6094708286.0058975
6877.702016452539,0.9348975236156929,0.07116791537813319,12781,9038144566.362045
6366.453788039858,0.9110902467624116,0.06990818984612732,12555,8261072744.395525
4695.43060177124,0.8790428421784228,0.05940813444662896,12002,6588145608.340689
3636.308424510344,0.9230114443613266,0.06784412353267007,11652,5836767084.098602
7613.102645977646,0.847712750767678,0.11603491536203409,12121,7163055237.204891
5837.750079709724,0.7966046114668173,0.06640885563861221,11862,6415909311.328659
6560.4011436421115,0.7364474262130627,0.056143494770884886,11868,6496174830.40074
7347.636224329367,0.7004047616843302,0.11283077479222144,11036,5213522356.12692
6285.045723323514,0.9739363162088296,0.11337557450204315,12354,7649108961.406799
7537.993960924915,0.856858447207774,0.05152591243468416,12815,9240065436.22204
7301.9943858463885,0.9584844725462558,0.09234768913039584,12764,9054488676.425682
3085.19973894164,0.9249238253547476,0.11348086725321439,10505,4369498625.488414
3876.425422991433,0.8431228580979903,0.07582080353570492,11072,5062220882.069188
3622.1412230925794,0.8865024933230524,0.07238897035447184,11306,5348978516.049803
7575.2519461440015,0.9970376863026118,0.11567401439402768,12759,9058413237.046408
7208.395966213074,0.9157318224583391,0.08720461937176771,12614,8559329765.252527
6120.710241692992,0.9624878599197205,0.10324518369186803,12365,7653822177.13999
6170.949363457918,0.9293911489230839,0.05804516258182878,12716,8705451081.377325
7884.490469679348,0.8092705138677726,0.11204367730092174,12039,6982552317.938988
6932.721300487464,0.8991961396658849,0.0911508861267537,12438,7966447601.999151
6637.504460971242,0.7037673793058415,0.05865703332885648,11610,6043872650.644842
4917.522077630376,0.9553619569535292,0.07339793294850568,12275,7284952369.843195
3928.4799870788675,0.8439283260184506,0.06608619095259743,11288,5337467767.650541
7362.685484403695,0.7863854305021345,0.05552616582204614,12395,7887176806.122366
4835.295195127732,0.732134981935879,0.09595655767115782,10314,4261143033.4780407
5749.558229085718,0.8232822839947084,0.09163156681435117,11636,6016070699.042004
7574.996916333371,0.8498806961454188,0.07549500694158631,12543,8354364904.891869
7290.292620709494,0.9271621734830718,0.07788692741803835,12783,9102454228.953344
4736.654120079386,0.9323953406105712,0.10078455413660771,11764,6128427970.953539
7514.848984470739,0.9763752987674656,0.08319286649986198,12930,9825616458.151371
3854.142308490059,0.8872001201742094,0.05801230960939675,11683,5922421633.493425
7455.683638484424,0.9732014174103598,0.1150882159689797,12634,8659626370.801445
6134.941029661519,0.7942164198534101,0.10722456076356046,11354,5610239201.198746
4146.959035855346,0.887609757363496,0.08607154305289041,11386,5505071857.963802
7461.200589616437,0.7847978879486543,0.11268721885782639,11742,6338295329.507837
3580.959626588424,0.8344078089529878,0.11495957489780029,10058,3977518829.932538
7832.25132183196,0.9442313513041842,0.05655676280794967,13106,10686336922.508402
6748.168028374159,0.8161186371532839,0.05170997593404779,12427,7899235637.342022
7108.911241056434,0.9000922829467203,0.07607435692034951,12632,8615764691.77805
3014.2136769209887,0.899838021955718,0.06942933369302733,11075,4993442037.386246
3503.794015528555,0.9911078603193155,0.1083206500333546,11359,5402570712.685034
6390.27007434301,0.7799059907784877,0.07097348175851399,11891,6533609277.716791
3376.483943593237,0.8326802033995649,0.0727409226194825,10729,4610564703.169829
3239.5135091388074,0.8805717597643137,0.09803414044669363,10543,4419722322.099796
4242.265225844769,0.8674978183146084,0.0808590910201677,11385,5505028363.349693
5771.128400917623,0.9510910017151448,0.0676314745643185,12570,8265318443.198433
5643.724594806108,0.8826234168975691,0.06070507947740438,12321,7490438352.473644
4802.487876859341,0.9503522398425323,0.058015606458033546,12401,7571590035.039202
5214.27487704343,0.914612738580657,0.08958154944404727,12004,6652038170.066105
6325.662627393836,0.9753913874737712,0.09543711378133013,12550,8236124057.992033
6286.656676566528,0.932138926223199,0.11993140784212272,12104,6989333125.032307
3931.088110232389,0.8756334984204374,0.07519114214865784,11367,5449862439.6641445
5546.716301258278,0.8116825825261739,0.0704468476625732,11790,6250671484.126883
4007.580370071707,0.7786740193675606,0.06088130349973016,10905,4844805371.042286
3297.17117381787,0.8885777502955483,0.06314909663684377,11290,5289741825.910013
7074.192463006822,0.8446924794867128,0.08269280313986896,12304,7624501213.971464
4296.454744989465,0.7662356633517086,0.07149134616832645,10783,4712468215.760286
3955.866294963287,0.8254077245455667,0.11810361497165979,10189,4115044757.6006556
5030.832010648705,0.9506553269692138,0.08588051869858847,12166,6986126446.643848
3705.79113132512,0.9766079020657747,0.06015124915432496,12086,6663878025.304262
7532.579113618168,0.8473194965352426,0.1075446386211325,12199,7326007493.968037
4847.354393084897,0.825298923181849,0.06457334106818433,11662,5967715852.163542
6068.679116858228,0.8515839240678607,0.06962295127428073,12215,7220806290.678728
6115.991182731846,0.9926345284190307,0.11197015708069072,12391,7750022975.804001
6574.252896301648,0.8749892599082839,0.10308233069574543,12104,7009652304.905258
3641.0191927805813,0.8607935944255771,0.08805551660615893,10863,4772460246.477403
4117.6001661531245,0.7593833653229253,0.11517732841053203,9670,3701268885.756895
7679.551986251207,0.8857128012596813,0.09552678172426737,12527,8312530564.913965
6290.184033713517,0.7680503235440769,0.10699958820808693,11209,5429265112.739096
7638.271446435151,0.8606228303514734,0.08651068762994948,12499,8211968547.945248
4422.575506031809,0.7601391470459679,0.0787858382431109,10676,4592127706.881781
6266.543839830899,0.773578026771264,0.11708521512075269,11094,5255253064.44172
3342.7524922536863,0.7754471849753061,0.06462388528017113,10317,4209528303.75379
4191.886008682638,0.8179250326575438,0.058305570069475246,11369,5475741214.943373
3746.0500528252105,0.7813598447124843,0.0918189385592478,10126,4048490041.027504
5069.200538823357,0.9183490710336125,0.11215072749967064,11667,5996693261.974922
4400.082500547283,0.9177975964466916,0.10432596296568683,11434,5602392834.477882
5544.457796396891,0.8374644807235966,0.10489951425674358,11437,5696060549.4897785
5415.717626968291,0.9729955850340941,0.09474967113400115,12276,7355744372.895138
7676.057080698669,0.769139151523677,0.11830598538105214,11638,6158132475.371792
5670.793602193173,0.8357901977806605,0.060910941663513934,12101,6916891321.205931
3676.3846405109957,0.7206782094437991,0.06217297787346486,10063,3981946507.8481903
4083.9305575478197,0.9325225217194126,0.10051135882255566,11434,5558088084.39344
7942.26810721128,0.812811588313337,0.051608196415382855,12707,8931285207.329357
6606.1244327404365,0.9007102981231282,0.09749882712456517,12288,7508971683.433756
6705.392175171246,0.9055108142782822,0.0665181480188925,12655,8623716218.911509
5006.455230337833,0.9883773690005762,0.10196207807090071,12138,6935785484.373997
7820.495748273612,0.9763523399450481,0.10451506042379154,12837,9382282275.159346
7494.781435554494,0.8388307879884336,0.055772378838648724,12669,8776969777.293175
6932.010439788706,0.7383598320145326,0.05108739911110944,12066,6964157679.103056
5556.781401912481,0.9774111054450522,0.050350244222491035,12809,8964040259.49736
7926.257628606633,0.7070629274346599,0.06082106989631957,12040,7000196264.602419
5176.460200621041,0.8284120333201181,0.08457230547501988,11521,5782389116.156662
4047.683420422095,0.9566762773949651,0.10002878173489786,11580,5769988185.093338
5918.339167786178,0.927524824348001,0.09264653604690264,12264,7357291120.234085
4910.995292103953,0.7566364045731216,0.11730819898586406,10201,4157995390.413205
5751.924530299639,0.879432519929157,0.0990347038412838,11897,6476776672.038021
5919.143687141732,0.9473743017497762,0.07349372288516348,12542,8178269757.749058
4502.242351728512,0.9832495144374681,0.0829763980899474,12160,6910088361.765076
5190.796229796375,0.949163284714273,0.0975442901527844,12078,6801559106.028261
7367.172014905961,0.7089587483183806,0.11467689214766998,11088,5290442208.078445
4819.515797051003,0.9723778272211994,0.10643190864347067,11931,6475763023.9512005
4159.164561587462,0.728684367407357,0.08188852123570642,10084,4029442471.1392365
3286.9494376175544,0.9417014427194375,0.10307368437145274,10978,4887293774.280939
3571.166251306719,0.9770861041963421,0.0657518885313003,11967,6375735750.951117
7180.926959300194,0.8378322752540598,0.051795158964923885,12626,8608060048.465435
4189.868348345115,0.7537558193197458,0.05629344600450327,10884,4827574462.914415
6533.61486534894,0.7316082272726744,0.08038278113765411,11442,5785161252.966459
6455.608228737507,0.9766244683161409,0.060099004492690816,12904,9572372300.772465
6826.440201080015,0.8773822829279248,0.10832037648106553,12129,7107159492.431463
7438.71576476711,0.8969074570722436,0.08214336046618212,12642,8677957847.977217
5721.510582265141,0.7673908226244004,0.05492471316306517,11785,6258549918.778172
3523.3437906711943,0.9294060614893286,0.07181438825156913,11569,5694547353.387682
4993.0858688829685,0.8512489862343597,0.09602952515648108,11402,5609728208.281397
6136.188668175833,0.9149472711853235,0.09295036249233045,12274,7395629495.305216
3617.5599392126032,0.784088570721299,0.051067855874168955,10890,4799660736.041986
7056.878945618191,0.9483590933650541,0.06872205108598889,12871,9490376353.883404
6133.1231047497295,0.9022487349303061,0.10495674848770643,12079,6909982163.8266945
7239.142508232252,0.9808352779615269,0.055819528222512224,13115,10639258948.77125
7467.236964593421,0.9436970732954069,0.08289281062955206,12832,9331781268.793856
5784.365675745424,0.9757293779212228,0.11001766075339761,12251,7304507007.710243
3415.0010408236926,0.8610508905122327,0.10859720010884408,10298,4192124364.7439423
6553.73573765804,0.9194097010426621,0.08998809256158202,12437,7917885318.818155
5163.308240497299,0.9146380107362813,0.10320377903825634,11814,6256345568.933392
7184.501009993989,0.8098963525535045,0.08438202530259437,12151,7201334687.120705
4757.070816079195,0.7631048641953195,0.053313756772652765,11320,5455577818.788828
7909.7090364794685,0.7953884661635919,0.11363999902433654,11938,6778217506.302425
5102.966358389025,0.8557453685817686,0.060491838931703866,12013,6661200409.824795
3071.819685194083,0.8510599849989355,0.09208444577457744,10267,4146408274.6285486
3495.7207281840992,0.7270301084214945,0.10595680823168607,8888,3181945810.0610046
5055.791807716043,0.7433258130778119,0.1175436300728291,10154,4120368996.710039
3757.351032121092,0.8274687121928755,0.07633968704100381,10881,4797956461.082702
6907.917322654121,0.7709900825359441,0.06596951222658264,12070,6972799066.761988
4464.354241097047,0.9604504652616129,0.07473641637447738,12132,6854605115.205662
5680.089257416645,0.9211819573687756,0.07497995943179515,12353,7574535704.669493
4820.337851902575,0.794293224034552,0.08326157509450155,11085,5156198177.512925
7643.979916600621,0.8921837796448985,0.08197019967998645,12672,8805379764.816826
4577.584638130057,0.9736116774134742,0.08331756028196588,12130,6871235957.805077
3925.4843786648657,0.9035575376752186,0.0773371608285727,11530,5676087905.971399
6370.17793219134,0.8731374737626949,0.11849199330814057,11846,6422000932.887476
6569.206325355437,0.9685781879400615,0.0787814891541096,12769,8925650667.919312
6847.671615685746,0.8934177106844898,0.07892709347912279,12519,8191018563.521244
4133.4634007702425,0.8966495845969498,0.0892103097771216,11392,5510801504.702171
4777.814853360664,0.9966882255764422,0.054970589248992015,12607,8196051616.734947
6091.042307611865,0.8407701264884235,0.09598861525689267,11836,6386951691.036514
7565.287606126429,0.8983637849009017,0.0917401193761394,12588,8503129230.572647
4658.838386965315,0.7918705195010215,0.10765907773300454,10562,4503889854.32619
4192.629451647194,0.9953096367968701,0.11718145353093629,11635,5867693614.3975315
5552.282027679472,0.7446592671508366,0.08647688781498675,11018,5088504783.298856
4546.761266768561,0.9528197814206955,0.05567887016909507,12345,7407464503.880545
3676.972309315414,0.9015206847791576,0.11576099508785553,10720,4608684973.547285
5417.870643917845,0.9100632324663712,0.06302417337063504,12356,7546284438.085062
7366.97837175414,0.707853081098073,0.09406487700844188,11379,5741077324.143528
6167.264972876897,0.8558926429455395,0.059168731639414544,12375,7681073882.681072
5033.045171633019,0.7097345050940784,0.0556217229588082,10975,4995374607.530115
7872.707622067237,0.840656440872029,0.08563718118665356,12477,8160299248.057899
4320.011043435766,0.7548250538447472,0.09478109291065834,10217,4152943153.434765
5742.654856805932,0.9415793754756063,0.09541141859994381,12246,7282876459.09071
6924.850542740761,0.8923089625328319,0.11857410082393881,12119,7094021251.712465
5014.1495198782695,0.88184207504291,0.09363779470635591,11680,6011786545.386238
3375.9005427954858,0.7647088589291327,0.08317225223736865,9841,3789644283.81022
6648.289632898014,0.9109088699518738,0.05714398099248139,12771,8963126187.034363
5166.427564012531,0.8355873956916495,0.059781006852778464,11923,6495736619.713186
7812.236663809429,0.9499817268215435,0.10066425172926446,12776,9144117128.487358
4354.850742708848,0.84134973233314,0.0789150835422354,11294,5375422240.027807
6156.248363251132,0.9788322180698465,0.057661930602891896,12875,9370889284.59962
5643.707524384128,0.9616744842674859,0.1073479529568522,12182,7091065012.652813
5378.152146535158,0.9065093360393793,0.08694119941527272,12057,6779144093.865467
5472.242141419249,0.8043844503106634,0.08260328641495454,11509,5797135683.037737
7937.658896602396,0.8840154625148503,0.09574293032820516,12577,8507536564.031321
3681.4367753390716,0.8701199540921422,0.0849829104136379,11020,4959352063.043058
7754.596746865401,0.998059199532066,0.06123251887611933,13209,11240111414.034529
4702.765463247866,0.8028122919987013,0.0676626664272007,11365,5515194209.018362
6731.273268453892,0.8775330775911404,0.10873723266269314,12102,7018908122.244429
4451.033267139664,0.7366420911897043,0.08167515573883201,10382,4315891721.536633
5636.991509350546,0.9750138434014711,0.11570478164912276,12138,7007974940.881819
7416.886806498595,0.9396649498920928,0.07978754800901502,12835,9334208853.90851
6217.968502510047,0.9494983520084347,0.10372042964493886,12326,7575773619.873024
4360.97476462807,0.7896433290380398,0.1097400574775304,10312,4232546374.3028135
4676.94319280275,0.7212884109876195,0.10200035454230186,9956,3939701926.9681854
7390.42145783803,0.9076119144493278,0.07522999679280341,12752,9014120051.45188
6943.490073731897,0.9876331874473695,0.06714570035269717,12985,9983192157.04298
7713.458780081864,0.8212602494484144,0.09336920830590795,12264,7526819764.082502
6109.815100654745,0.8437605983672017,0.0886833171095645,11939,6628459400.206842
4254.966831311014,0.9902235039123233,0.11158702568139174,11717,6008187494.858892
3218.5702826656775,0.7117027162457287,0.058338706684952446,9615,3642353883.838641
7225.492226929866,0.7065156633847839,0.07239922279807015,11660,6158252348.117847
5898.680441369995,0.9741404320957361,0.07790941855513989,12592,8352149740.621136
4250.026225539241,0.9278245954731966,0.0712524530796404,11925,6387088706.448797
3325.4756876097376,0.7572275572046648,0.09303978826641096,9448,3522211084.81186
4776.01666308539,0.886986344454473,0.10444082833918945,11415,5608794620.794802
3800.127766040344,0.7541158120252497,0.08744279088188797,9966,3918050665.383177
7750.393660694271,0.9480057708605875,0.09496308190932937,12812,9249636281.726578
5813.959245352904,0.8474725191403167,0.08778931052023556,11880,6448851352.084862
7174.23549997121,0.9721199533773808,0.11128087835676288,12593,8505291450.5243225
5917.104993402114,0.8458220045544501,0.06317331805028908,12214,7199967213.517902
7806.981791533872,0.7917030653917392,0.07933625528082039,12283,7602119143.9784565
6373.081890463608,0.8899015655755005,0.06288659624295861,12541,8211947788.927639
7770.231051951458,0.9293574495687633,0.05682352248681949,13044,10382084510.730791
5269.428380400983,0.7470451141479305,0.05840424456080948,11355,5552486511.887541
3145.8233671604066,0.8805390030417135,0.08086787716812578,10809,4687010919.35373
5041.908741911805,0.9207880916724337,0.06861463693439154,12230,7144599608.024166
7249.226900003695,0.8057408594428849,0.05390556617321933,12485,8125770559.736826
5212.913653200475,0.9746810963552617,0.08540555955174257,12322,7447467362.078033
5079.871470645468,0.70542271147536,0.07106010047917447,10684,4643056164.784492
4026.6248773612906,0.9758022975687741,0.1191595687603618,11388,5493695925.652327
6438.16643708077,0.7822319830517566,0.07885308647421393,11830,6391948498.604996
7903.612845572299,0.9197204629089121,0.07293837749760297,12907,9762126644.111702
6872.333457556942,0.9100125251547391,0.10833097103246098,12288,7547062285.591284
3548.4389430102487,0.8034936787324327,0.09990982022211951,10035,3955757704.8428965
3056.4127835046706,0.8615997708364365,0.08079092695264897,10582,4443937532.048301
6625.40584924665,0.9285985122034255,0.11394769946639836,12260,7401508081.636728
4820.964960397443,0.8021741165674122,0.05929722502823731,11562,5812868096.946476
3679.0149820891147,0.7620773838278454,0.06907776029972966,10354,4251145117.1805964
4419.785284757425,0.9011677597709102,0.10671029460910578,11305,5402289131.020536
6217.580791415026,0.8250037720842821,0.05392916436188477,12290,7474215888.155132
5749.654642926356,0.9063196298148419,0.07414528443605996,12314,7482687561.344048
6950.072580520438,0.8864808790110833,0.11760650639203149,12110,7070240545.748276
7837.6014735014,0.7708166732574194,0.06066329541560919,12381,7893502679.262796
5064.494617704373,0.9287688537298522,0.05808857586165089,12386,7576974005.143621
7912.386583720504,0.7821453564910805,0.09399677628008088,12101,7129737788.660805
7522.888454897652,0.9395079321317314,0.06752650456487916,12950,9876314742.79542
7160.459238640875,0.821748293296852,0.09457560290160266,12097,7053325523.387316
7578.248991809917,0.9234145318284854,0.11644789975780954,12458,8089974548.421961
7849.094300955947,0.8948922037845124,0.11864489152146811,12379,7887400256.348133
7026.345719861935,0.9390535127120408,0.11050278500876576,12439,7979643569.401482
6782.8963476709905,0.7781007848560143,0.0861216296765756,11828,6418838725.143808
7902.439659417876,0.768125309958003,0.06926580343142305,12294,7640220565.743231
5117.153623567408,0.9949926925977233,0.0650348790229472,12585,8213847620.745386
7866.9581650684595,0.8967758212326926,0.05962931832360683,12932,9871314001.106691
7339.735618343608,0.8725166297508482,0.10068787288835025,12325,7689585623.728037
4056.408650937444,0.980113241564037,0.060419761646021156,12251,7061797642.366411
6601.945810811876,0.8197853514791453,0.0781199663333522,12107,7027997667.103315
7429.540578093593,0.7324276260441343,0.07519379571830494,11875,6591650563.21159
5898.666915576539,0.8703479195708559,0.08732675368769982,12038,6805356332.5973015
5139.720287389334,0.9191981457678685,0.06387445212877532,12294,7360450666.657698
3241.904821290834,0.8482523349765432,0.11693937460898589,9860,3810796262.2230196
5248.8805385774795,0.7156439399206898,0.11996199074746465,9917,3932223004.7379303
3486.604086877018,0.9600907509592438,0.11236996908146046,11075,5027120706.504545
7206.612655975119,0.94672935179957,0.10563479512905316,12561,8385516653.445156
5911.247163040529,0.8213539264184835,0.11393554044409382,11354,5594768723.983294
6940.344986225789,0.9867966338270073,0.05693771868706769,13065,10357506733.952347
5616.669775885621,0.9789047765599281,0.05071487216165137,12822,9036186206.821074
6373.975716381492,0.9096610911982872,0.08380575074943696,12408,7815900116.417377
6981.634541511647,0.7597132077378775,0.09701443499847749,11610,6059744016.45133
4079.5233288236686,0.9999296259625277,0.08875856089067619,11995,6508927073.1019
3431.867947106925,0.9532509239099074,0.08009979161357192,11540,5638125627.298504
4693.9716421845915,0.9184072673786686,0.10866865996457747,11534,5759882241.733862
6904.404984364118,0.9178229196250705,0.09831293199023688,12438,7965148526.627489
3956.8140131208793,0.8966192124987502,0.1009407440470183,11095,5097487027.34693
6374.003449765669,0.7035103512733,0.05826317159835432,11498,5853893731.886133
6016.2255234306285,0.9781821724296687,0.10469192484171487,12382,7698757335.9199295
3697.6263239498685,0.8984594227584799,0.06645778747032988,11549,5680031849.352369
6302.030042638864,0.7919051141910155,0.060194239274006085,12074,6918046648.445597
4675.3655775847055,0.8911500556004346,0.07981900121237283,11787,6162033913.774952
3772.2702592852747,0.873834441438386,0.0865686171772613,11063,5037170168.190473
7047.887267574534,0.7648449161740557,0.07715194405877593,11928,6689190339.779293
5288.636239379396,0.7735659526242225,0.08470961529378895,11133,5256717307.807333
6759.300905613096,0.9311340800307853,0.10052595773320636,12436,7936634144.730917
5185.520312278884,0.8229780624605256,0.06069935651010713,11847,6335903175.721493
3119.6470116001815,0.786469439880874,0.05006662669681487,10557,4432722050.898034
4239.262854694902,0.8415308673818521,0.06508037558617089,11455,5607152962.763344
5894.684934662981,0.7059368097597046,0.05072253714071842,11433,5715341760.303186
4117.624404307837,0.8820519436241077,0.07659353893125286,11496,5647256556.527634
5814.6260144079115,0.9535139026774426,0.10035683404002699,12263,7348374980.495472
3790.0974260890052,0.9331137431814127,0.0690831921576119,11786,6056201070.269243
5526.269385176674,0.7931846596246244,0.11268338583820647,10985,5037435463.352857
4279.6525287989725,0.774112173695161,0.07966180138702872,10697,4609367717.0342
3011.0493508075183,0.7980262309654436,0.08774454146642024,9759,3731553750.8498
4228.634594908353,0.7126087018108762,0.053124310504579546,10559,4483687994.9252205
4084.4799366501256,0.9867447024364735,0.1125477215864961,11597,5796719455.640314
4503.594512508947,0.9259869401549353,0.09068431947528285,11762,6103166830.868788
5661.670168666245,0.9498397568496444,0.07780535378389873,12450,7821023168.626089
4667.872328621029,0.8113448445976005,0.108156650454163,10752,4690025295.870806
4684.598269207651,0.7646834521760684,0.06550840136210993,11072,5128301328.06848
3104.1096615817823,0.9456196398917649,0.07638997944440142,11347,5342150893.808973
4001.09291286577,0.8770258749884289,0.07450269506015814,11427,5542269252.343611
6522.570817682196,0.8317712635407672,0.11719408965308398,11651,6097401705.68862
3983.7994179498746,0.8878179225305957,0.05708378397238216,11784,6076094792.7584095
4045.3590261913077,0.9591223417019247,0.10037933671055327,11592,5783215668.226694
5234.317379444864,0.7903583910664254,0.06522026627863328,11566,5870709438.015493
5916.519262101904,0.9016335911629905,0.06004577877824901,12503,8018096713.595324
5820.161415389382,0.9887042741645289,0.11781238413211406,12238,7268523812.609129
6173.742736493676,0.9310019278581487,0.05565009556601112,12752,8812467833.297913
4013.2395942286525,0.9872003668842975,0.0633426649810953,12235,7008631766.630438
7294.721378032609,0.9661961354066838,0.11559192768048415,12564,8408674791.245422
7994.447110466496,0.8657840811553221,0.10535173523879529,12419,8011132216.830793
5736.429804180645,0.8990801877557099,0.051756756377732104,12528,8075044812.876099
5751.033336316776,0.8097262832208596,0.11939677400804055,11096,5232308258.055393
3293.6232546968436,0.8228069249584168,0.0752255862971277,10524,4400277577.640089
5134.550591270024,0.9176243627823888,0.11370663174240984,11670,6007515567.508572
4016.2917447282393,0.979166386990506,0.09824116462540317,11729,6001882786.305475
4288.736409687115,0.8807027459087001,0.053941683450901945,11914,6372159108.358477
5210.414940475175,0.8935699659696369,0.11653100122501875,11500,5755935603.607508
4904.6810328813945,0.9352533885992734,0.06108352093944475,12323,7402811681.477585
7874.572902292186,0.7304651911638748,0.0961647915831616,11735,6339981029.805988
7124.229315976479,0.8972643288147593,0.062077441073404786,12779,9065408728.216368
7562.637531813566,0.7932158972260224,0.08240671754779821,12201,7336359617.689999
7699.644117905271,0.951400631858309,0.11287204433903038,12629,8667753839.122343
7714.33725547481,0.796346468214422,0.08651413138027433,12215,7382677507.21999
3391.940603220002,0.9148017675694463,0.11066024124870322,10717,4591331944.747965
6051.023909689441,0.8006692279632543,0.07879864745502985,11799,6314055882.895508
6520.748064488094,0.8535151646836319,0.061372762512264964,12435,7905938319.37756
3364.7365402109276,0.7166889778428264,0.11832872458576908,8319,2850913128.7406397
4621.146273466345,0.8064219724744693,0.0600615790788214,11475,5672644006.583128
4650.624838544037,0.9029451070276324,0.11738510762819418,11267,5375078840.964487
6034.0002144309965,0.82940317618989,0.08193114278362618,11917,6570148665.442921
3649.0844481725508,0.9893335999590955,0.08666089010225406,11777,6034117355.474113
4066.6112634648266,0.7568655580499573,0.10594215072031085,9817,3800507817.419071
5367.826871480773,0.9672687550437171,0.08195244209666872,12386,7615622273.2196865
6190.882143247985,0.742513675540356,0.11653565037587571,10835,4873042322.724891
7851.690164725336,0.9824975808624758,0.11881225722772458,12739,9025360657.407999
7453.490081046925,0.9351751711814633,0.08775593391729114,12755,9034987962.040155
6132.055413455513,0.9922047761549033,0.06486840979396682,12850,9265982959.03037
4056.064796160713,0.8295592578610409,0.10226958952425946,10613,4522393058.133556
6585.119362656026,0.799295119894204,0.08184042890621242,11931,6647460329.142458
5498.710079787594,0.9633238651592932,0.116142878776421,12028,6745698159.154543
7216.12004444678,0.7534489874692198,0.09078510276582447,11739,6307042809.265486
6580.850542003298,0.7119655990763829,0.08997106606594216,11142,5350394356.827232
7961.586059589238,0.9286023890764574,0.11507318900264295,12585,8531251858.060854
3847.9678944994275,0.9048584194437409,0.07557813973758506,11526,5661033909.034147
6574.219019763994,0.7266014952704075,0.06162074599983983,11722,6225927935.247055
3476.960893272341,0.9058959253300555,0.06276064890817266,11539,5638858479.214195
4707.24607879296,0.7503781969475507,0.055037749135372786,11145,5227754358.122791
7224.595421210735,0.9398870803124861,0.05103600659488022,13021,10200788649.04277
6522.10952631727,0.9785235362070784,0.08672360996083875,12702,8744226260.574528
4882.6545844635375,0.9835049780333182,0.08278099543006101,12279,7296690766.279846
7300.50343329763,0.8143163906371866,0.11240544316520838,11881,6595863630.708698
7102.939373143858,0.8294903715105073,0.0724013793056451,12360,7752519831.238138
3892.0047851178547,0.8309027611878531,0.07445037908076799,11024,4983851688.639565
4456.644005210332,0.7732839446878612,0.05421737031211441,11229,5304122546.231699
4747.765151742683,0.8834140305668476,0.08826199115967086,11642,5931180230.48757
6905.997181044717,0.7880708845865148,0.05506887395468772,12288,7533340857.2184925
6107.479179425981,0.9564211092458275,0.05620351829716811,12806,9068399446.76829
3338.749894118559,0.9332151936269077,0.056533766816109304,11737,5937212408.276283
4904.314681004109,0.8984078172470165,0.0816551173458922,11895,6400538449.277941
4059.013424460998,0.8945266233643422,0.11485732719557393,10926,4870858067.087007
7317.563756795747,0.9147854660417114,0.057331784563211814,12904,9683018977.949854
4951.5491674885225,0.7552645551612037,0.11277201247510138,10297,4254045059.8724527
5233.681566992887,0.7055643615756085,0.05169759533694441,11086,5186609904.88404
3618.5588267561993,0.7071956846729726,0.09750060472139324,8960,3221035926.7064066
5629.481125823637,0.8403725638826389,0.08088533354421105,11859,6389830632.053656
5913.262813393585,0.7039479194005336,0.09926833064822603,10612,4613198216.911727
3025.4003650314216,0.7815672166852082,0.07033044430209937,10008,3912806694.809203
6468.670929332573,0.967202615809329,0.10131268946383351,12506,8092085622.503433
6231.0685668655315,0.730852824315492,0.07734254318823282,11366,5627836915.211691
7400.056630063711,0.8763672146371246,0.06799568139999314,12688,8823088702.583725
5801.076714474404,0.7334679193973197,0.06870880321553548,11335,5547740332.779472
4348.252721368366,0.8216011971809073,0.10880380440854209,10612,4539497889.092929
5939.713115939245,0.7339970955864352,0.09225475206173106,11024,5116292585.282527
4630.931493606959,0.9322313763640007,0.11488769969557275,11498,5700065947.137104
5163.081124540185,0.7056348273802042,0.09189720495849357,10330,4284801788.439356
3018.97705785691,0.8351909230308475,0.10890132924682688,9674,3679899237.7148743
4768.918244078102,0.7180312313186804,0.07567267840763571,10518,4466470064.092704
7340.586982049653,0.8242806320410339,0.0973475381531714,12128,7154373009.421255
3433.9690069454473,0.782274806655986,0.11093900927263584,9434,3512298981.752308
7985.951962380192,0.8172504642581755,0.06329082295952593,12612,8637262992.318737
4226.110772818229,0.8802112034336323,0.051222194282825526,11923,6381100115.028158
7517.713644425585,0.9478682088429797,0.05048617922789373,13108,10654406331.915731
3485.084819559402,0.8465286783319426,0.10960265246450598,10202,4104072710.1708984
3289.18444902834,0.755721143405871,0.09613053843311409,9318,3435184838.119441
7214.410900134227,0.955276678670884,0.07136470608499547,12901,9652122611.272354
6220.666185699478,0.7163297251647518,0.08984830672680327,11042,5158144109.764237
7946.273402574238,0.9386995724153206,0.0795972067572142,12924,9841450591.986124
6930.632808302197,0.9134906232098372,0.09742147857509934,12438,7960018225.927345
4047.3604067298684,0.9738869546137263,0.07597952320863363,12025,6549578852.369543
5526.070267974461,0.8837389750757078,0.0667865101102793,12235,7212231036.779083
5563.807437387075,0.8043910008741232,0.0955146385902461,11349,5563369947.8513565
6100.81437448496,0.7730346461630694,0.09628279388649338,11349,5592697116.662497
4290.70479863545,0.8213992129323882,0.05811415703488852,11446,5603965151.6542
5671.154040602662,0.9436002520146606,0.10002860316932059,12188,7111997544.98826
4188.906816813755,0.9138593786366471,0.07166474380132959,11823,6168911132.185514
5540.36008447684,0.9480362552505738,0.08694164406990079,12292,7410790303.7691555
3309.4239622069335,0.9041302087920051,0.06983434697996573,11292,5295411322.306635
4818.433670397055,0.7372864873125634,0.066467511693532,10917,4906003585.266739
6797.473442884291,0.993493013598157,0.11153337996499202,12583,8412732208.629322
4862.382393122923,0.9360402184986542,0.057869211975511155,12354,7466918268.874313
5401.995136708307,0.9094250454237975,0.10451286758944786,11858,6373618028.75131
4504.07892334538,0.7173085104506941,0.09252944444738018,9976,3957331139.711753
7060.6989536725805,0.965892365855699,0.09640187421095117,12690,8788983223.540571
6328.876240558317,0.9829312194575199,0.07024691430477512,12821,9161902061.662798
5611.346762281505,0.7005939097044621,0.06757814444201074,10981,5039225023.2858
5227.972159504665,0.8460827340334237,0.05960325158629798,12017,6683067558.775354
3235.092190188082,0.7738027594804004,0.1071240479451509,9222,3372328705.8162537
4806.49013375745,0.875452127112984,0.0689012740847255,11894,6391316718.415276
3753.8048862010533,0.8976662257182273,0.11137912244311143,10811,4723261148.77955
7875.15057222818,0.9721954381009839,0.09520619740384573,12890,9696059094.917202
6592.7550374701605,0.9866837383248979,0.06917208240538864,12890,9526131645.860209
5954.139191047647,0.8312466425055087,0.05169947166749392,12272,7386690695.07682
7453.0353564990955,0.8797479993069628,0.09967449513963589,12401,7910676748.910086
3565.837565753687,0.836668235229669,0.08301722409735039,10710,4590270693.401692
5244.846918352787,0.8536531077958114,0.07770677485549843,11830,6298700556.227745
3473.1249899787117,0.7383711386427212,0.09083934039729571,9416,3497318075.0943966
6661.931305576545,0.7046928489884117,0.08361227917866244,11218,5461555487.64065
3233.374707633156,0.7343955011409483,0.08074553747318323,9379,3469038547.700533
7097.871714874295,0.8441669248440892,0.11298260225271024,11978,6794625939.908985
4086.648386955537,0.8844781134342293,0.10580774308243505,11023,4987392598.583839
6824.326272443115,0.9789994980850001,0.08515551008299602,12795,9102912959.661438
7579.162950996535,0.7514177364734268,0.08157187810076086,11958,6794161750.160364
3302.7462350307296,0.9302864782268483,0.0894577900114144,11136,5090527211.8852005
7642.378608253848,0.7923253403141532,0.07084993061395461,12329,7732210422.198315
5539.082415886067,0.8429060216838565,0.11917332492180886,11252,5429056321.87595
6354.508699195193,0.9831316494728792,0.0680996420871113,12847,9266558487.130112
6128.85119506988,0.810277353573074,0.07228568543917785,11961,6671949447.661472
5312.5058727534215,0.7087586165452482,0.0860296067234943,10561,4532703311.069575
6448.783759645574,0.822753129043578,0.06424092202838828,12244,7337981331.826376
6136.867354360064,0.9841582479556141,0.05680573963208037,12888,9453095374.047415
3684.7608522479977,0.8233719937224021,0.05418223816785902,11181,5191749653.661646
5137.3505019916465,0.992743111516586,0.0902186987490659,12322,7438043213.242994
6493.417749386304,0.7066491981860779,0.0982587744866642,10941,5045781921.003131
7169.934923779333,0.8586875341863077,0.08914437465541791,12333,7701795327.137566
6572.29773624558,0.7158949523198611,0.08404160566996766,11272,5528941386.680763
3916.2272956226543,0.9625291808249272,0.06533983347779355,12041,6587897824.2777405
6204.605195253434,0.7598948431916193,0.06699868690068639,11744,6232900811.556793
4030.0447554017464,0.8438388880156341,0.06381336937269318,11377,5479253364.667686
7165.6885277465035,0.7863042378277313,0.08845876763868438,11961,6760354253.863491
6559.561480554624,0.8019707821163079,0.09860724119411755,11722,6226446484.729605
5392.321858222273,0.8526568397278056,0.06077386861630943,12097,6879821036.913101
5376.267961932557,0.7387671644490205,0.0857847125248104,10888,4911412387.677868
5297.280740563579,0.9293668648893146,0.093696829029208,12063,6782591105.98164
6617.256736197815,0.9665180007207319,0.06493233968577754,12867,9428398128.757812
4526.252758367291,0.8600135294897268,0.08144665773004736,11468,5656843660.517353
4944.890078812505,0.7486871849921503,0.103564734558589,10400,4356879066.213516
4389.875561579592,0.711515097458613,0.07962076748795333,10116,4060778643.3806267
5046.736546262724,0.9725886156538466,0.09953168507648909,12110,6869461685.214237
7069.70948653997,0.9816071608274668,0.10823157398205306,12635,8622749811.929468
3639.09718509622,0.7665960221403965,0.055384483865005635,10665,4545025704.490653
5622.912692692591,0.7289379068992266,0.09106662324421444,10850,4863803214.832206
5020.596510213046,0.9938618800588441,0.06545244527063875,12551,8084311249.789164
4760.53222017971,0.7769837971371071,0.10918969621597824,10448,4401911386.279231
5863.880246961585,0.7442945536692935,0.05521092788535707,11668,6070803718.9769
6346.441021470795,0.8626495732637303,0.10631479964990159,11912,6588483557.294388
3411.653612674927,0.9738633229055897,0.07054694620368097,11804,6055343028.274231
7563.519641707245,0.9402751636574062,0.09244321068171332,12755,9052095522.389288
7382.991052230831,0.9772598184915084,0.08720027177962297,12878,9564379932.481613
5298.447067160767,0.8879690308399116,0.08090004328167046,12003,6657399621.58066
3090.826473851252,0.9023278939029481,0.06221127339263325,11279,5252646416.417017
6284.094896213027,0.9093307619498319,0.07701414713953834,12457,7935687131.62747
4928.2118158121775,0.7753084411350132,0.0995193885844452,10738,4693402001.389725
3729.497148458626,0.7186496251144541,0.10457296622147605,9052,3277107100.5054426
6762.177363243284,0.8342508492048459,0.11611873503210088,11781,6335145248.729643
5381.977817026889,0.979525106995895,0.10430285644045073,12211,7130215072.616507
4407.380154778426,0.9530902105813049,0.08825369221871304,11899,6358110986.794439
6881.405721837278,0.8358348040622924,0.10613135712864236,11942,6699770879.319437
4724.596055720686,0.9480586105861275,0.06320421499771069,12292,7307966916.341583
5308.6984183475615,0.7685157143853508,0.11470784081003338,10622,4589825131.00794
4001.1735429658415,0.7638771678022268,0.08905156781731262,10195,4121171897.9521446
3094.5714328617146,0.864055132089677,0.11491104854361925,9939,3862369706.7985973
6926.793547136899,0.967536604896144,0.11784367765024875,12462,8025962277.481955
5613.621820828852,0.7357659417428528,0.058530258584236446,11421,5681240444.87896
3763.641302292831,0.9824892017569911,0.09614761551928509,11646,5846488258.544205
3689.843850622795,0.887766319429079,0.06507623361022717,11500,5597782397.044094
6957.073397402142,0.8417864782536253,0.07560783707016817,12343,7696627502.5559025
4982.538675345671,0.9924354385460945,0.052081949611238534,12689,8465356317.585558
6451.313014257916,0.9393317669751333,0.09734069132656752,12422,7852501008.532448
7861.753103547963,0.9554234156294144,0.08651192293624003,12905,9752771727.527124
4473.136338384151,0.9878803415962498,0.06683510301081175,12345,7395656164.820381
6626.565691191983,0.9452114786368526,0.06043018198690809,12847,9304527848.973866
3300.362777463572,0.8053796923421471,0.07775118431925748,10307,4197002511.325761
7263.646752163198,0.7873014030460321,0.11209388836187584,11700,6240368336.970085
